CREATE DATABASE db_Library
GO

USE db_Library
GO

/*Main Tables*/
CREATE TABLE LIBRARY_BRANCH(
 BranchID INT Primary Key Not Null IDENTITY(1,1),
 BranchName varchar(50) Not Null,
 Address varchar(50) Not Null
)
GO

CREATE TABLE PUBLISHER(
 PublisherName varchar(50) Primary Key Not Null,
 Address varchar(50) Not Null,
 Phone varchar(50) Not Null
)
GO

CREATE TABLE BORROWER(
 CardNo INT Primary Key Not Null IDENTITY(10000,1),
 Name varchar(50) Not Null,
 Address varchar(50) Not Null,
 Phone varchar(50) Null
)
GO

/*Dependent Tables*/
CREATE TABLE BOOKS(
 BookID INT Primary Key Not Null IDENTITY(100000,1),
 Title varchar(100) Not Null,
 PublisherName varchar(50) CONSTRAINT fk_PublisherName FOREIGN KEY REFERENCES PUBLISHER(PublisherName) ON UPDATE CASCADE ON DELETE CASCADE
)
GO

CREATE TABLE BOOK_COPIES(
 BookID INT CONSTRAINT fky_BookID FOREIGN KEY REFERENCES BOOKS(BookID) ON UPDATE CASCADE ON DELETE CASCADE,
 BranchID INT CONSTRAINT fky_BranchID FOREIGN KEY REFERENCES LIBRARY_BRANCH(BranchID) ON UPDATE CASCADE ON DELETE CASCADE,
 Number_Of_Copies INT
)
GO

CREATE TABLE BOOK_LOANS(
 BookID INT CONSTRAINT fnk_BookID FOREIGN KEY REFERENCES BOOKS(BookID) ON UPDATE CASCADE ON DELETE CASCADE,
 BranchID INT CONSTRAINT fnk_BranchID FOREIGN KEY REFERENCES LIBRARY_BRANCH(BranchID) ON UPDATE CASCADE ON DELETE CASCADE,
 CardNo INT CONSTRAINT fnk_CardNo FOREIGN KEY REFERENCES BORROWER(CardNo) ON UPDATE CASCADE ON DELETE CASCADE,
 DateOut Date,
 DateDue Date
)
GO

CREATE TABLE BOOK_AUTHORS(
 BookID INT CONSTRAINT fk_BookID FOREIGN KEY REFERENCES BOOKS(BookID) ON UPDATE CASCADE ON DELETE CASCADE,
 AuthorName varchar(50)
)
GO

	/************************ Database Data ************************/
	
/*LIBRARY BRANCH DATA*/
insert into LIBRARY_BRANCH 
(BranchName, Address) 
values
('Aurora Public Library', '14949 East Alameda Parkway'),
('Chambers Plaza Library', '15057 Colfax Avenue'),
('Iliff Square Library', '2245 South Peoria Street'),
('MLK Jr. Branch Library', '9901 East 16th Avenue'),
('Moorhead Branch', '2390 Havana Street'),
('South Branch Library', '15324 East Hampden Circle'),
('Avon Branch Library', '0200 Benchmark Rd'),
('Park County Public Library', '350 Bulldogger Road'),
('Basalt Regional Library', '14 Midland Avenue'),
('Pine River Public Library', '395 Center Drive'),
('Bennett Branch Library', '495 7th Street'),
('Berthoud Community Library', '36 Welch Ave'),
('Gilpin County Library District', '15131 Highway 119'),
('Boulder Public Library', '1001 Arapahoe Avenue'),
('Carnegie Branch For Local History', '1125 Pine Street'),
('George Reynolds Branch', '3595 Table Mesa Drive'),
('Meadows Branch Library', '4800 Baseline Road'),
('South Branch Library', '504 Airport Road'),
('Brighton Branch Library', '575 South 8th Avenue'),
('Broomfield-Eisenhower Public Library', '3 Community Park Road'),
('Mamie Doud Eisenhower Public Library', '3 Community Park Road'),
('East Morgan County Library', '500 Clayton Street'),
('Northern Chaffee County', '131 Linderman Avenue'),
('Burlington Public Library', '321 14th Street'),
('Kelver Library', '404 East Front Street'),
('Canon City Public Library', '516 Macon Ave'),
('Garfield County Library', '76 South 4th Street'),
('Ute Pass Branch', '8010 Severy'),
('Douglas County Libraries', '100 South Wilcox'),
('Philip S. Miller Library', '100 South Wilcox'),
('Cedaredge Public Library', '140 North East Second Street'),
('Castlewood Library', '6739 South Uinta Street'),
('Sharpstown Library', '12345 Main St.'),
('Central Library', '56789 Central Rd');
GO
/*PUBLISHER DATA*/
insert into PUBLISHER 
(PublisherName, Address, Phone)
values
('Penguin', '375 Hudson Street', '(212) 366-2000'),
('NAL', '375 Hudson Street', '(212) 366-2000'),
('Signet Book', '375 Hudson Street', '(212) 366-2000'),
('Harper', '195 Broadway', '(800) 242-7737'),
('Margaret K. McElderry Books', '1230 6th Ave', '(800) 223-2336'),
('Katherine Tegen Books' , '195 Broadway', '(800) 242-7737'),
('Norton' , ' 500 Fifth Avenue', '(212) 354-5500'),
('TOR' , '175 5th Avenue', '(999)999-9999'),
('Grand Central Publishing', '1290 6th Ave', '(800) 759-0190'),
('Scholastic', '5127 NE 158th Ave', '(800) 724-6527'),
('Ballantine Books', '1745 Broadway', '(212) 782-9000'),
('Signet Classics', '375 Hudson Street', '(212) 366-2000'),
('Random House', '1745 Broadway', '(212) 782-9000'),
('Modern Library', '1745 Broadway', '(212) 782-9000'),
('Washington Square Press', '1230 6th Ave', '(800) 223-2336'),
('Alfred A. Knopf', '1745 Broadway', '(212) 782-9000'),
('Anchor' , '375 Hudson Street', '(212) 366-2000'),
('Dutton Books', '375 Hudson Street', '(212) 366-2000'),
('Scribner' , '153-157 Fifth Ave', '(800) 223-2336'),
('Amy Einhorn Books', '175 5th Avenue', '(999) 999-9999'),
('Del Rey' ,'1745 Broadway', '(212) 782-9000'),
('Harcourt', '125 High Street', '(617) 351-5000'),
('MTV Books/Pocket Books', '1230 6th Ave', '(800" 223-2336'),
('Children''s Classics', '375 Hudson Street', '(123) 662-000'),
('Zola Books', '242 West 38th Street', '(917) 822-4950'),
('Little, Brown and Company', '125 High Street', '(617) 351-5000'),
('Viking Press', '375 Hudson Street', '(212) 366-2000'),
('Picador', '75 Varick St', '2122267521');
GO
/*BORROWER DATA*/
insert into BORROWER 
(Name, Address, Phone) 
values 
('Dianne Arundale', '517 Jenna Point', '795-237-2459'),
('Bernete Leitch', '182 International Junction', '423-977-7046'),
('Madelyn Ricks', '3 Northport Street', '360-930-4098'),
('Kristan O''Heneghan', '39 Florence Pass', '202-163-1127'),
('Ginelle Ruddlesden', '199 Forest Run Crossing', '213-853-7392'),
('Chandal Mikalski', '4 Monica Pass', '592-285-4151'),
('Maddie Verralls', '39479 High Crossing Trail', '173-170-1431'),
('Tomaso Caltun', '6 Claremont Park', '443-694-7069'),
('Emory Gilogly', '89 Meadow Vale Point', '975-989-9030'),
('Leonard Timby', '69 Manufacturers Parkway', '586-939-1960'),
('Ira Sabberton', '03336 Darwin Road', '496-498-2203'),
('Thatcher Madgwich', '6 Cordelia Place', '555-609-8020'),
('Arabelle McWilliam', '7196 Florence Pass', '342-437-0524'),
('Tiebout Rubinchik', '30 Colorado Terrace', '369-491-8106'),
('Nestor Benedettini', '7 Buell Road', '975-489-1356'),
('Emmeline Rossant', '62233 Texas Junction', '811-390-7086'),
('Joly Bixley', '3 Paget Lane', '694-968-3374'),
('Nixie Thompstone', '99714 Northwestern Way', '422-104-9251'),
('Linn Birkhead', '80 Acker Pass', '120-915-8869'),
('Roanne Duffin', '77 Melody Center', '670-805-9164'),
('Ced Goede', '229 Village Park', '967-832-5324'),
('Arney Busain', '61 Kingsford Park', '218-827-5855'),
('Levon Ganderton', '83546 Dixon Crossing', '959-409-9948'),
('Gabbie Colvin', '54 Helena Hill', '703-475-8525'),
('Justis Fearby', '92106 Lyons Junction', '376-268-7271'),
('Lavinie Pietrzak', '324 Bayside Street', '949-899-2085'),
('Ileane Vallentin', '48150 Graceland Pass', '824-454-4850'),
('Shirley Howatt', '3 Vermont Pass', '201-359-2644'),
('Gina Orrice', '509 Buena Vista Lane', '411-670-8847'),
('Charmain Luckett', '88 Lillian Avenue', '106-719-0073'),
('Ryley Hallt', '70 Cherokee Trail', '128-241-4642'),
('Konrad Rosengarten', '166 Southridge Point', '997-282-8094'),
('Alison Crumpe', '93 Hansons Street', '116-303-6931'),
('Perry Godly', '73274 Merrick Crossing', '314-747-1097'),
('Jerry Schenfisch', '8020 Towne Trail', '747-550-3581'),
('Hanna O''Currine', '082 Stephen Drive', '918-735-6186'),
('Meggi MacDonough', '360 Packers Trail', '548-828-8902'),
('Dorian Tingcomb', '629 Towne Center', '520-789-2220'),
('Janine Tinsley', '13106 Westerfield Avenue', '250-711-3308'),
('Vanna Twigley', '16 Holy Cross Center', '685-886-8073'),
('Burt Postan', '99 Bay Circle', '597-983-0415'),
('Jozef Trawin', '1 Rowland Court', '431-185-8623'),
('Lanie Towll', '7 Mendota Drive', '537-305-8191'),
('Alma Febry', '9903 Kropf Plaza', '628-106-0071'),
('Manuel Vasishchev', '26 Helena Lane', '953-524-6740'),
('Teodoor Tredgold', '01 Corscot Lane', '635-757-2498'),
('Nedda Ziem', '70934 Union Lane', '717-844-8646'),
('Gretel Edinburough', '4964 Steensland Terrace', '411-987-1465'),
('Tobye Lammie', '21 Lyons Center', '460-522-5612'),
('Tucker Pick', '5 Chinook Hill', '236-474-3296'),
('Zulema Hilary', '268 Brickson Park Drive', '780-683-1924'),
('Brendis Szubert', '9 Hoffman Parkway', '100-937-7626'),
('Yettie Atling', '96236 Shopko Center', '237-833-8123'),
('Bengt Cay', '76416 Aberg Parkway', '911-771-7393'),
('Loni Pollok', '953 Sachs Center', '631-825-3089'),
('Eleonore Sindall', '3104 Springs Plaza', '542-525-2347'),
('Agneta Earlam', '5135 Kings Avenue', '923-661-6949'),
('Marie Lorman', '3 Park Meadow Court', '490-324-5481'),
('Jorey Coveny', '60887 Del Sol Point', '315-668-1296'),
('Lisle Browncey', '32792 Northridge Hill', '470-635-6039'),
('Eirena Saxby', '096 Blue Bill Park Center', '875-941-2764'),
('Ned Towsey', '0552 Chinook Avenue', '849-482-9441'),
('Artus Neeve', '59660 Rieder Place', '520-666-4526'),
('Pieter Lewington', '1 Kinsman Parkway', '584-824-7636'),
('Miguela Brimble', '9 Talmadge Center', '825-258-4585'),
('Domeniga Keppie', '65 Anderson Lane', '636-343-8657'),
('Elinor Berwick', '1495 Golden Leaf Avenue', '303-421-8196'),
('Curran Itscowicz', '036 Cambridge Pass', '334-257-7389'),
('Abey Peizer', '0082 Manley Lane', '791-587-4915'),
('Marthena Crapper', '7 Shasta Avenue', '282-931-4151'),
('Nat Crisell', '82300 Spaight Crossing', '291-922-8313'),
('Cecile Bridgestock', '12 Loftsgordon Lane', '656-824-3496'),
('Alexandr Docharty', '83344 Hazelcrest Park', '594-647-0032'),
('Kati Payfoot', '5727 Fremont Lane', '967-393-7955'),
('Arden Goodenough', '51785 Melody Alley', '956-830-5224'),
('Rad Waylen', '90 Onsgard Center', '251-932-3628'),
('Deirdre Gianullo', '24 Tony Drive', '646-687-7179'),
('Art Leslie', '90 Debra Avenue', '489-560-0276'),
('Nollie Iacovino', '73 Mccormick Alley', '871-929-5894'),
('Hymie St. Paul', '41 Hayes Avenue', '948-615-0007'),
('Rebeka Biscomb', '6305 Hansons Avenue', '701-153-2858'),
('Tracie Massingberd', '9805 Hanover Crossing', '752-608-1720'),
('Rollo Jostan', '0 Amoth Road', '801-993-0185'),
('Alethea D''Hooge', '4475 Chive Way', '917-802-9111'),
('Minerva Jeannel', '28239 Loomis Place', '241-527-9528'),
('Scotti Gorrissen', '1 Prentice Street', '324-642-2703'),
('Nola Wemyss', '14739 Steensland Hill', '277-788-7105'),
('Timmy Tomczynski', '0518 Forster Street', '732-466-6006'),
('Prince Evamy', '020 Ridge Oak Park', '958-657-0104'),
('Tressa Jeannel', '6561 Rigney Junction', '566-734-8993'),
('Adda Benoi', '6168 Helena Street', '305-252-0445'),
('Fritz Pepi', '8 Basil Junction', '561-526-7547'),
('Kimberly Phillipps', '19557 Di Loreto Alley', '903-608-0847'),
('Wanda MacShirrie', '6124 Delladonna Circle', '929-453-2603'),
('Emelia Stollenbecker', '66576 Cambridge Plaza', '615-249-0302'),
('Granville Berrow', '96 Warbler Way', '690-472-1406'),
('Rafaello Joost', '10 Susan Lane', '631-247-6058'),
('Georgeanne Cawsby', '4947 Glacier Hill Circle', '288-937-6556'),
('Kimberley Dougher', '132 Ilene Pass', '971-897-3468'),
('Issi Blaber', '9 Northport Trail', '537-222-7586');
GO
/*BOOKS DATA*/
INSERT INTO BOOKS
(Title, PublisherName) 
values
('Alice''s Adventures in Wonderland', 'Penguin'),
('Through the Looking-Glass', 'Penguin'),
('Animal Farm', 'NAL'),
('Anne of Green Gables', 'Signet Book'),
('Brave New World', 'Harper'),
('Charlotte''s Web', 'Harper'),
('City of Bones', 'Margaret K. McElderry Books'),
('Crime and Punishment', 'Penguin'),
('Divergent', 'Katherine Tegen Books'),
('Dracula', 'Norton'),
('Ender''s Game', 'TOR'),
('Gone with the Wind', 'Grand Central Publishing'),
('Harry Potter and the Order of the Phoenix', 'Scholastic'),
('J.R.R. Tolkien 4-Book Boxed Set', 'Ballantine Books'),
('Jane Eyre', 'Penguin'),
('Les Misérables', 'Signet Classics'),
('Lord of the Flies', 'Penguin'),
('Memoirs of a Geisha', 'Random House'),
('Of Mice and Men', 'Penguin'),
('One Hundred Years of Solitude', 'Harper'),
('Pride and Prejudice', 'Modern Library'),
('Romeo and Juliet', 'Washington Square Press'),
('The Alchemist', 'Harper'),
('The Book Thief', 'Alfred A. Knopf'),
('The Chronicles of Narnia', 'Harper'),
('The Da Vinci Code', 'Anchor'),
('The Fault in Our Stars', 'Dutton Books'),
('The Giving Tree', 'Harper'),
('The Great Gatsby', 'Scribner'),
('The Help', 'Amy Einhorn Books'),
('The Hitchhiker''s Guide to the Galaxy', 'Del Rey'),
('The Hunger Games', 'Scholastic'),
('The Little Prince', 'Harcourt'),
('The Perks of Being a Wallflower', 'MTV Books/Pocket Books'),
('The Picture of Dorian Gray', 'Random House'),
('The Princess Bride', 'Ballantine Books'),
('The Secret Garden', 'Children''s Classics'),
('The Time Traveler''s Wife', 'Zola Books'),
('To Kill a Mockingbird', 'Harper'),
('Twilight', 'Little, Brown and Company'),
('Wuthering Heights', 'Norton'),
('IT','Viking Press'),
('The Shining', 'Viking Press'),
('Misery', 'Viking Press'),
('The Lost Tribe', 'Picador');
GO
/*BOOK_AUTHORS DATA*/
insert into BOOK_AUTHORS
(BookID, AuthorName) 
values
(100000, 'Lewis Carroll'), 
(100001, 'Lewis Carroll'), 
(100002, 'George Orwell'), 
(100003, 'L.M. Montgomery'), 
(100004, 'Aldous Huxley'), 
(100005, 'E.B. White'), 
(100006, 'Cassandra Clare '), 
(100007, 'Fyodor Dostoyevsky'), 
(100008, 'Veronica Roth '), 
(100009, 'Bram Stoker'), 
(100010, 'Orson Scott Card'), 
(100011, 'Margaret Mitchell'), 
(100012, 'J.K. Rowling'), 
(100013, 'J.R.R. Tolkien'), 
(100014, 'Charlotte Brontë'), 
(100015, 'Victor Hugo'), 
(100016, 'William Golding'), 
(100017, 'Arthur Golden'), 
(100018, 'John Steinbeck'), 
(100019, 'Gabriel García Márquez'), 
(100020, 'Jane Austen'), 
(100021, 'William Shakespeare'), 
(100022, 'Paulo Coelho'), 
(100023, 'Markus Zusak'), 
(100024, 'C.S. Lewis'), 
(100025, 'Dan Brown'), 
(100026, 'John Green'), 
(100027, 'Shel Silverstein '), 
(100028, 'F. Scott Fitzgerald '), 
(100029, 'Kathryn Stockett) '), 
(100030, 'Douglas Adams '), 
(100031, 'Suzanne Collins '), 
(100032, 'Antoine de Saint-Exupéry'), 
(100033, 'Stephen Chbosky'), 
(100034, 'Oscar Wilde'), 
(100035, 'William Goldman'), 
(100036, 'Frances Hodgson Burnett'), 
(100037, 'Audrey Niffenegger'), 
(100038, 'Harper Lee'), 
(100039, 'Stephenie Meyer'), 
(100040, 'Emily Brontë'), 
(100041, 'Stephen King'),
(100042, 'Stephen King'),
(100043, 'Stephen King'),
(100044, 'Mark Lee');
GO
/*BOOK COPIES DATA Part 1*/
INSERT INTO BOOK_COPIES
(BookID, BranchID, Number_Of_Copies) 
values
(100000, 1, 2), (100001, 1, 4), (100002, 1, 5), (100003, 1, 5), (100004, 1, 5), (100005, 1, 3), (100006, 1, 2), (100007, 1, 3), (100008, 1, 6), (100009, 1, 5), (100010, 1, 2), (100011, 1, 4), (100012, 1, 5), (100013, 1, 6), (100014, 1, 5), (100015, 1, 3), (100016, 1, 2), (100017, 1, 3), (100018, 1, 6), (100019, 1, 5), (100020, 1, 2), (100021, 1, 4), (100022, 1, 5), (100023, 1, 6), (100024, 1, 5), (100025, 1, 3), (100026, 1, 2), (100027, 1, 3), (100028, 1, 6), (100029, 1, 5), (100030, 1, 2), (100031, 1, 4), (100032, 1, 5), (100033, 1, 6), (100034, 1, 5), (100035, 1, 3), (100036, 1, 3), (100037, 1, 3), (100038, 1, 6), (100039, 1, 5), (100040, 1, 2), (100041, 1, 4), (100042, 1, 5), (100043, 1, 6), (100044, 1, 3),
(100000, 2, 2), (100001, 2, 4), (100002, 2, 5), (100003, 2, 5), (100004, 2, 5), (100005, 2, 3), (100006, 2, 2), (100007, 2, 3), (100008, 2, 6), (100009, 2, 5), (100010, 2, 2), (100011, 2, 4), (100012, 2, 5), (100013, 2, 6), (100014, 2, 5), (100015, 2, 3), (100016, 2, 2), (100017, 2, 3), (100018, 2, 6), (100019, 2, 5), (100020, 2, 2), (100021, 2, 4), (100022, 2, 5), (100023, 2, 6), (100024, 2, 5), (100025, 2, 3), (100026, 2, 2), (100027, 2, 3), (100028, 2, 6), (100029, 2, 5), (100030, 2, 2), (100031, 2, 4), (100032, 2, 5), (100033, 2, 6), (100034, 2, 5), (100035, 2, 3), (100036, 2, 3), (100037, 2, 3), (100038, 2, 6), (100039, 2, 5), (100040, 2, 2), (100041, 2, 4), (100042, 2, 5), (100043, 2, 6), (100044, 2, 3),
(100000, 3, 2), (100001, 3, 4), (100002, 3, 5), (100003, 3, 5), (100004, 3, 5), (100005, 3, 3), (100006, 3, 2), (100007, 3, 3), (100008, 3, 6), (100009, 3, 5), (100010, 3, 2), (100011, 3, 4), (100012, 3, 5), (100013, 3, 6), (100014, 3, 5), (100015, 3, 3), (100016, 3, 2), (100017, 3, 3), (100018, 3, 6), (100019, 3, 5), (100020, 3, 2), (100021, 3, 4), (100022, 3, 5), (100023, 3, 6), (100024, 3, 5), (100025, 3, 3), (100026, 3, 2), (100027, 3, 3), (100028, 3, 6), (100029, 3, 5), (100030, 3, 2), (100031, 3, 4), (100032, 3, 5), (100033, 3, 6), (100034, 3, 5), (100035, 3, 3), (100036, 3, 3), (100037, 3, 3), (100038, 3, 6), (100039, 3, 5), (100040, 3, 2), (100041, 3, 4), (100042, 3, 5), (100043, 3, 6), (100044, 3, 3),
(100000, 4, 2), (100001, 4, 4), (100002, 4, 5), (100003, 4, 5), (100004, 4, 5), (100005, 4, 3), (100006, 4, 2), (100007, 4, 3), (100008, 4, 6), (100009, 4, 5), (100010, 4, 2), (100011, 4, 4), (100012, 4, 5), (100013, 4, 6), (100014, 4, 5), (100015, 4, 3), (100016, 4, 2), (100017, 4, 3), (100018, 4, 6), (100019, 4, 5), (100020, 4, 2), (100021, 4, 4), (100022, 4, 5), (100023, 4, 6), (100024, 4, 5), (100025, 4, 3), (100026, 4, 2), (100027, 4, 3), (100028, 4, 6), (100029, 4, 5), (100030, 4, 2), (100031, 4, 4), (100032, 4, 5), (100033, 4, 6), (100034, 4, 5), (100035, 4, 3), (100036, 4, 3), (100037, 4, 3), (100038, 4, 6), (100039, 4, 5), (100040, 4, 2), (100041, 4, 4), (100042, 4, 5), (100043, 4, 6), (100044, 4, 3),
(100000, 5, 2), (100001, 5, 4), (100002, 5, 5), (100003, 5, 5), (100004, 5, 5), (100005, 5, 3), (100006, 5, 2), (100007, 5, 3), (100008, 5, 6), (100009, 5, 5), (100010, 5, 2), (100011, 5, 4), (100012, 5, 5), (100013, 5, 6), (100014, 5, 5), (100015, 5, 3), (100016, 5, 2), (100017, 5, 3), (100018, 5, 6), (100019, 5, 5), (100020, 5, 2), (100021, 5, 4), (100022, 5, 5), (100023, 5, 6), (100024, 5, 5), (100025, 5, 3), (100026, 5, 2), (100027, 5, 3), (100028, 5, 6), (100029, 5, 5), (100030, 5, 2), (100031, 5, 4), (100032, 5, 5), (100033, 5, 6), (100034, 5, 5), (100035, 5, 3), (100036, 5, 3), (100037, 5, 3), (100038, 5, 6), (100039, 5, 5), (100040, 5, 2), (100041, 5, 4), (100042, 5, 5), (100043, 5, 6), (100044, 5, 3),
(100000, 6, 2), (100001, 6, 4), (100002, 6, 5), (100003, 6, 5), (100004, 6, 5), (100005, 6, 3), (100006, 6, 2), (100007, 6, 3), (100008, 6, 6), (100009, 6, 5), (100010, 6, 2), (100011, 6, 4), (100012, 6, 5), (100013, 6, 6), (100014, 6, 5), (100015, 6, 3), (100016, 6, 2), (100017, 6, 3), (100018, 6, 6), (100019, 6, 5), (100020, 6, 2), (100021, 6, 4), (100022, 6, 5), (100023, 6, 6), (100024, 6, 5), (100025, 6, 3), (100026, 6, 2), (100027, 6, 3), (100028, 6, 6), (100029, 6, 5), (100030, 6, 2), (100031, 6, 4), (100032, 6, 5), (100033, 6, 6), (100034, 6, 5), (100035, 6, 3), (100036, 6, 3), (100037, 6, 3), (100038, 6, 6), (100039, 6, 5), (100040, 6, 2), (100041, 6, 4), (100042, 6, 5), (100043, 6, 6), (100044, 6, 3),
(100000, 7, 2), (100001, 7, 4), (100002, 7, 5), (100003, 7, 5), (100004, 7, 5), (100005, 7, 3), (100006, 7, 2), (100007, 7, 3), (100008, 7, 6), (100009, 7, 5), (100010, 7, 2), (100011, 7, 4), (100012, 7, 5), (100013, 7, 6), (100014, 7, 5), (100015, 7, 3), (100016, 7, 2), (100017, 7, 3), (100018, 7, 6), (100019, 7, 5), (100020, 7, 2), (100021, 7, 4), (100022, 7, 5), (100023, 7, 6), (100024, 7, 5), (100025, 7, 3), (100026, 7, 2), (100027, 7, 3), (100028, 7, 6), (100029, 7, 5), (100030, 7, 2), (100031, 7, 4), (100032, 7, 5), (100033, 7, 6), (100034, 7, 5), (100035, 7, 3), (100036, 7, 3), (100037, 7, 3), (100038, 7, 6), (100039, 7, 5), (100040, 7, 2), (100041, 7, 4), (100042, 7, 5), (100043, 7, 6), (100044, 7, 3),
(100000, 8, 2), (100001, 8, 4), (100002, 8, 5), (100003, 8, 5), (100004, 8, 5), (100005, 8, 3), (100006, 8, 2), (100007, 8, 3), (100008, 8, 6), (100009, 8, 5), (100010, 8, 2), (100011, 8, 4), (100012, 8, 5), (100013, 8, 6), (100014, 8, 5), (100015, 8, 3), (100016, 8, 2), (100017, 8, 3), (100018, 8, 6), (100019, 8, 5), (100020, 8, 2), (100021, 8, 4), (100022, 8, 5), (100023, 8, 6), (100024, 8, 5), (100025, 8, 3), (100026, 8, 2), (100027, 8, 3), (100028, 8, 6), (100029, 8, 5), (100030, 8, 2), (100031, 8, 4), (100032, 8, 5), (100033, 8, 6), (100034, 8, 5), (100035, 8, 3), (100036, 8, 3), (100037, 8, 3), (100038, 8, 6), (100039, 8, 5), (100040, 8, 2), (100041, 8, 4), (100042, 8, 5), (100043, 8, 6), (100044, 8, 3),
(100000, 9, 2), (100001, 9, 4), (100002, 9, 5), (100003, 9, 5), (100004, 9, 5), (100005, 9, 3), (100006, 9, 2), (100007, 9, 3), (100008, 9, 6), (100009, 9, 5), (100010, 9, 2), (100011, 9, 4), (100012, 9, 5), (100013, 9, 6), (100014, 9, 5), (100015, 9, 3), (100016, 9, 2), (100017, 9, 3), (100018, 9, 6), (100019, 9, 5), (100020, 9, 2), (100021, 9, 4), (100022, 9, 5), (100023, 9, 6), (100024, 9, 5), (100025, 9, 3), (100026, 9, 2), (100027, 9, 3), (100028, 9, 6), (100029, 9, 5), (100030, 9, 2), (100031, 9, 4), (100032, 9, 5), (100033, 9, 6), (100034, 9, 5), (100035, 9, 3), (100036, 9, 3), (100037, 9, 3), (100038, 9, 6), (100039, 9, 5), (100040, 9, 2), (100041, 9, 4), (100042, 9, 5), (100043, 9, 6), (100044, 9, 3),
(100000, 10, 2), (100001, 10, 4), (100002, 10, 5), (100003, 10, 5), (100004, 10, 5), (100005, 10, 3), (100006, 10, 2), (100007, 10, 3), (100008, 10, 6), (100009, 10, 5), (100010, 10, 2), (100011, 10, 4), (100012, 10, 5), (100013, 10, 6), (100014, 10, 5), (100015, 10, 3), (100016, 10, 2), (100017, 10, 3), (100018, 10, 6), (100019, 10, 5), (100020, 10, 2), (100021, 10, 4), (100022, 10, 5), (100023, 10, 6), (100024, 10, 5), (100025, 10, 3), (100026, 10, 2), (100027, 10, 3), (100028, 10, 6), (100029, 10, 5), (100030, 10, 2), (100031, 10, 4), (100032, 10, 5), (100033, 10, 6), (100034, 10, 5), (100035, 10, 3), (100036, 10, 3), (100037, 10, 3), (100038, 10, 6), (100039, 10, 5), (100040, 10, 2), (100041, 10, 4), (100042, 10, 5), (100043, 10, 6), (100044, 10, 3),
(100000, 11, 2), (100001, 11, 4), (100002, 11, 5), (100003, 11, 5), (100004, 11, 5), (100005, 11, 3), (100006, 11, 2), (100007, 11, 3), (100008, 11, 6), (100009, 11, 5), (100010, 11, 2), (100011, 11, 4), (100012, 11, 5), (100013, 11, 6), (100014, 11, 5), (100015, 11, 3), (100016, 11, 2), (100017, 11, 3), (100018, 11, 6), (100019, 11, 5), (100020, 11, 2), (100021, 11, 4), (100022, 11, 5), (100023, 11, 6), (100024, 11, 5), (100025, 11, 3), (100026, 11, 2), (100027, 11, 3), (100028, 11, 6), (100029, 11, 5), (100030, 11, 2), (100031, 11, 4), (100032, 11, 5), (100033, 11, 6), (100034, 11, 5), (100035, 11, 3), (100036, 11, 3), (100037, 11, 3), (100038, 11, 6), (100039, 11, 5), (100040, 11, 2), (100041, 11, 4), (100042, 11, 5), (100043, 11, 6), (100044, 11, 3),
(100000, 12, 2), (100001, 12, 4), (100002, 12, 5), (100003, 12, 5), (100004, 12, 5), (100005, 12, 3), (100006, 12, 2), (100007, 12, 3), (100008, 12, 6), (100009, 12, 5), (100010, 12, 2), (100011, 12, 4), (100012, 12, 5), (100013, 12, 6), (100014, 12, 5), (100015, 12, 3), (100016, 12, 2), (100017, 12, 3), (100018, 12, 6), (100019, 12, 5), (100020, 12, 2), (100021, 12, 4), (100022, 12, 5), (100023, 12, 6), (100024, 12, 5), (100025, 12, 3), (100026, 12, 2), (100027, 12, 3), (100028, 12, 6), (100029, 12, 5), (100030, 12, 2), (100031, 12, 4), (100032, 12, 5), (100033, 12, 6), (100034, 12, 5), (100035, 12, 3), (100036, 12, 3), (100037, 12, 3), (100038, 12, 6), (100039, 12, 5), (100040, 12, 2), (100041, 12, 4), (100042, 12, 5), (100043, 12, 6), (100044, 12, 3),
(100000, 13, 2), (100001, 13, 4), (100002, 13, 5), (100003, 13, 5), (100004, 13, 5), (100005, 13, 3), (100006, 13, 2), (100007, 13, 3), (100008, 13, 6), (100009, 13, 5), (100010, 13, 2), (100011, 13, 4), (100012, 13, 5), (100013, 13, 6), (100014, 13, 5), (100015, 13, 3), (100016, 13, 2), (100017, 13, 3), (100018, 13, 6), (100019, 13, 5), (100020, 13, 2), (100021, 13, 4), (100022, 13, 5), (100023, 13, 6), (100024, 13, 5), (100025, 13, 3), (100026, 13, 2), (100027, 13, 3), (100028, 13, 6), (100029, 13, 5), (100030, 13, 2), (100031, 13, 4), (100032, 13, 5), (100033, 13, 6), (100034, 13, 5), (100035, 13, 3), (100036, 13, 3), (100037, 13, 3), (100038, 13, 6), (100039, 13, 5), (100040, 13, 2), (100041, 13, 4), (100042, 13, 5), (100043, 13, 6), (100044, 13, 3),
(100000, 14, 2), (100001, 14, 4), (100002, 14, 5), (100003, 14, 5), (100004, 14, 5), (100005, 14, 3), (100006, 14, 2), (100007, 14, 3), (100008, 14, 6), (100009, 14, 5), (100010, 14, 2), (100011, 14, 4), (100012, 14, 5), (100013, 14, 6), (100014, 14, 5), (100015, 14, 3), (100016, 14, 2), (100017, 14, 3), (100018, 14, 6), (100019, 14, 5), (100020, 14, 2), (100021, 14, 4), (100022, 14, 5), (100023, 14, 6), (100024, 14, 5), (100025, 14, 3), (100026, 14, 2), (100027, 14, 3), (100028, 14, 6), (100029, 14, 5), (100030, 14, 2), (100031, 14, 4), (100032, 14, 5), (100033, 14, 6), (100034, 14, 5), (100035, 14, 3), (100036, 14, 3), (100037, 14, 3), (100038, 14, 6), (100039, 14, 5), (100040, 14, 2), (100041, 14, 4), (100042, 14, 5), (100043, 14, 6), (100044, 14, 3),
(100000, 15, 2), (100001, 15, 4), (100002, 15, 5), (100003, 15, 5), (100004, 15, 5), (100005, 15, 3), (100006, 15, 2), (100007, 15, 3), (100008, 15, 6), (100009, 15, 5), (100010, 15, 2), (100011, 15, 4), (100012, 15, 5), (100013, 15, 6), (100014, 15, 5), (100015, 15, 3), (100016, 15, 2), (100017, 15, 3), (100018, 15, 6), (100019, 15, 5), (100020, 15, 2), (100021, 15, 4), (100022, 15, 5), (100023, 15, 6), (100024, 15, 5), (100025, 15, 3), (100026, 15, 2), (100027, 15, 3), (100028, 15, 6), (100029, 15, 5), (100030, 15, 2), (100031, 15, 4), (100032, 15, 5), (100033, 15, 6), (100034, 15, 5), (100035, 15, 3), (100036, 15, 3), (100037, 15, 3), (100038, 15, 6), (100039, 15, 5), (100040, 15, 2), (100041, 15, 4), (100042, 15, 5), (100043, 15, 6), (100044, 15, 3),
(100000, 16, 2), (100001, 16, 4), (100002, 16, 5), (100003, 16, 5), (100004, 16, 5), (100005, 16, 3), (100006, 16, 2), (100007, 16, 3), (100008, 16, 6), (100009, 16, 5), (100010, 16, 2), (100011, 16, 4), (100012, 16, 5), (100013, 16, 6), (100014, 16, 5), (100015, 16, 3), (100016, 16, 2), (100017, 16, 3), (100018, 16, 6), (100019, 16, 5), (100020, 16, 2), (100021, 16, 4), (100022, 16, 5), (100023, 16, 6), (100024, 16, 5), (100025, 16, 3), (100026, 16, 2), (100027, 16, 3), (100028, 16, 6), (100029, 16, 5), (100030, 16, 2), (100031, 16, 4), (100032, 16, 5), (100033, 16, 6), (100034, 16, 5), (100035, 16, 3), (100036, 16, 3), (100037, 16, 3), (100038, 16, 6), (100039, 16, 5), (100040, 16, 2), (100041, 16, 4), (100042, 16, 5), (100043, 16, 6), (100044, 16, 3),
(100000, 17, 2), (100001, 17, 4), (100002, 17, 5), (100003, 17, 5), (100004, 17, 5), (100005, 17, 3), (100006, 17, 2), (100007, 17, 3), (100008, 17, 6), (100009, 17, 5), (100010, 17, 2), (100011, 17, 4), (100012, 17, 5), (100013, 17, 6), (100014, 17, 5), (100015, 17, 3), (100016, 17, 2), (100017, 17, 3), (100018, 17, 6), (100019, 17, 5), (100020, 17, 2), (100021, 17, 4), (100022, 17, 5), (100023, 17, 6), (100024, 17, 5), (100025, 17, 3), (100026, 17, 2), (100027, 17, 3), (100028, 17, 6), (100029, 17, 5), (100030, 17, 2), (100031, 17, 4), (100032, 17, 5), (100033, 17, 6), (100034, 17, 5), (100035, 17, 3), (100036, 17, 3), (100037, 17, 3), (100038, 17, 6), (100039, 17, 5), (100040, 17, 2), (100041, 17, 4), (100042, 17, 5), (100043, 17, 6), (100044, 17, 3),
(100000, 18, 2), (100001, 18, 4), (100002, 18, 5), (100003, 18, 5), (100004, 18, 5), (100005, 18, 3), (100006, 18, 2), (100007, 18, 3), (100008, 18, 6), (100009, 18, 5), (100010, 18, 2), (100011, 18, 4), (100012, 18, 5), (100013, 18, 6), (100014, 18, 5), (100015, 18, 3), (100016, 18, 2), (100017, 18, 3), (100018, 18, 6), (100019, 18, 5), (100020, 18, 2), (100021, 18, 4), (100022, 18, 5), (100023, 18, 6), (100024, 18, 5), (100025, 18, 3), (100026, 18, 2), (100027, 18, 3), (100028, 18, 6), (100029, 18, 5), (100030, 18, 2), (100031, 18, 4), (100032, 18, 5), (100033, 18, 6), (100034, 18, 5), (100035, 18, 3), (100036, 18, 3), (100037, 18, 3), (100038, 18, 6), (100039, 18, 5), (100040, 18, 2), (100041, 18, 4), (100042, 18, 5), (100043, 18, 6), (100044, 18, 3),
(100000, 19, 2), (100001, 19, 4), (100002, 19, 5), (100003, 19, 5), (100004, 19, 5), (100005, 19, 3), (100006, 19, 2), (100007, 19, 3), (100008, 19, 6), (100009, 19, 5), (100010, 19, 2), (100011, 19, 4), (100012, 19, 5), (100013, 19, 6), (100014, 19, 5), (100015, 19, 3), (100016, 19, 2), (100017, 19, 3), (100018, 19, 6), (100019, 19, 5), (100020, 19, 2), (100021, 19, 4), (100022, 19, 5), (100023, 19, 6), (100024, 19, 5), (100025, 19, 3), (100026, 19, 2), (100027, 19, 3), (100028, 19, 6), (100029, 19, 5), (100030, 19, 2), (100031, 19, 4), (100032, 19, 5), (100033, 19, 6), (100034, 19, 5), (100035, 19, 3), (100036, 19, 3), (100037, 19, 3), (100038, 19, 6), (100039, 19, 5), (100040, 19, 2), (100041, 19, 4), (100042, 19, 5), (100043, 19, 6), (100044, 19, 3),
(100000, 20, 2), (100001, 20, 4), (100002, 20, 5), (100003, 20, 5), (100004, 20, 5), (100005, 20, 3), (100006, 20, 2), (100007, 20, 3), (100008, 20, 6), (100009, 20, 5), (100010, 20, 2), (100011, 20, 4), (100012, 20, 5), (100013, 20, 6), (100014, 20, 5), (100015, 20, 3), (100016, 20, 2), (100017, 20, 3), (100018, 20, 6), (100019, 20, 5), (100020, 20, 2), (100021, 20, 4), (100022, 20, 5), (100023, 20, 6), (100024, 20, 5), (100025, 20, 3), (100026, 20, 2), (100027, 20, 3), (100028, 20, 6), (100029, 20, 5), (100030, 20, 2), (100031, 20, 4), (100032, 20, 5), (100033, 20, 6), (100034, 20, 5), (100035, 20, 3), (100036, 20, 3), (100037, 20, 3), (100038, 20, 6), (100039, 20, 5), (100040, 20, 2), (100041, 20, 4), (100042, 20, 5), (100043, 20, 6), (100044, 20, 3),
(100000, 21, 2), (100001, 21, 4), (100002, 21, 5), (100003, 21, 5), (100004, 21, 5), (100005, 21, 3), (100006, 21, 2), (100007, 21, 3), (100008, 21, 6), (100009, 21, 5), (100010, 21, 2), (100011, 21, 4), (100012, 21, 5), (100013, 21, 6), (100014, 21, 5), (100015, 21, 3), (100016, 21, 2), (100017, 21, 3), (100018, 21, 6), (100019, 21, 5), (100020, 21, 2), (100021, 21, 4), (100022, 21, 5), (100023, 21, 6), (100024, 21, 5), (100025, 21, 3), (100026, 21, 2), (100027, 21, 3), (100028, 21, 6), (100029, 21, 5), (100030, 21, 2), (100031, 21, 4), (100032, 21, 5), (100033, 21, 6), (100034, 21, 5), (100035, 21, 3), (100036, 21, 3), (100037, 21, 3), (100038, 21, 6), (100039, 21, 5), (100040, 21, 2), (100041, 21, 4), (100042, 21, 5), (100043, 21, 6), (100044, 20, 3);
GO
/*BOOK COPIES DATA Part 2*/
INSERT INTO BOOK_COPIES
(BookID, BranchID, Number_Of_Copies) 
values
(100000, 22, 2), (100001, 22, 4), (100002, 22, 5), (100003, 22, 5), (100004, 22, 5), (100005, 22, 3), (100006, 22, 2), (100007, 22, 3), (100008, 22, 6), (100009, 22, 5), (100010, 22, 2), (100011, 22, 4), (100012, 22, 5), (100013, 22, 6), (100014, 22, 5), (100015, 22, 3), (100016, 22, 2), (100017, 22, 3), (100018, 22, 6), (100019, 22, 5), (100020, 22, 2), (100021, 22, 4), (100022, 22, 5), (100023, 22, 6), (100024, 22, 5), (100025, 22, 3), (100026, 22, 2), (100027, 22, 3), (100028, 22, 6), (100029, 22, 5), (100030, 22, 2), (100031, 22, 4), (100032, 22, 5), (100033, 22, 6), (100034, 22, 5), (100035, 22, 3), (100036, 22, 3), (100037, 22, 3), (100038, 22, 6), (100039, 22, 5), (100040, 22, 2), (100041, 22, 4), (100042, 22, 5), (100043, 22, 6), (100044, 22, 3),
(100000, 23, 2), (100001, 23, 4), (100002, 23, 5), (100003, 23, 5), (100004, 23, 5), (100005, 23, 3), (100006, 23, 2), (100007, 23, 3), (100008, 23, 6), (100009, 23, 5), (100010, 23, 2), (100011, 23, 4), (100012, 23, 5), (100013, 23, 6), (100014, 23, 5), (100015, 23, 3), (100016, 23, 2), (100017, 23, 3), (100018, 23, 6), (100019, 23, 5), (100020, 23, 2), (100021, 23, 4), (100022, 23, 5), (100023, 23, 6), (100024, 23, 5), (100025, 23, 3), (100026, 23, 2), (100027, 23, 3), (100028, 23, 6), (100029, 23, 5), (100030, 23, 2), (100031, 23, 4), (100032, 23, 5), (100033, 23, 6), (100034, 23, 5), (100035, 23, 3), (100036, 23, 3), (100037, 23, 3), (100038, 23, 6), (100039, 23, 5), (100040, 23, 2), (100041, 23, 4), (100042, 23, 5), (100043, 23, 6), (100044, 23, 3),
(100000, 24, 2), (100001, 24, 4), (100002, 24, 5), (100003, 24, 5), (100004, 24, 5), (100005, 24, 3), (100006, 24, 2), (100007, 24, 3), (100008, 24, 6), (100009, 24, 5), (100010, 24, 2), (100011, 24, 4), (100012, 24, 5), (100013, 24, 6), (100014, 24, 5), (100015, 24, 3), (100016, 24, 2), (100017, 24, 3), (100018, 24, 6), (100019, 24, 5), (100020, 24, 2), (100021, 24, 4), (100022, 24, 5), (100023, 24, 6), (100024, 24, 5), (100025, 24, 3), (100026, 24, 2), (100027, 24, 3), (100028, 24, 6), (100029, 24, 5), (100030, 24, 2), (100031, 24, 4), (100032, 24, 5), (100033, 24, 6), (100034, 24, 5), (100035, 24, 3), (100036, 24, 3), (100037, 24, 3), (100038, 24, 6), (100039, 24, 5), (100040, 24, 2), (100041, 24, 4), (100042, 24, 5), (100043, 24, 6), (100044, 24, 3),
(100000, 25, 2), (100001, 25, 4), (100002, 25, 5), (100003, 25, 5), (100004, 25, 5), (100005, 25, 3), (100006, 25, 2), (100007, 25, 3), (100008, 25, 6), (100009, 25, 5), (100010, 25, 2), (100011, 25, 4), (100012, 25, 5), (100013, 25, 6), (100014, 25, 5), (100015, 25, 3), (100016, 25, 2), (100017, 25, 3), (100018, 25, 6), (100019, 25, 5), (100020, 25, 2), (100021, 25, 4), (100022, 25, 5), (100023, 25, 6), (100024, 25, 5), (100025, 25, 3), (100026, 25, 2), (100027, 25, 3), (100028, 25, 6), (100029, 25, 5), (100030, 25, 2), (100031, 25, 4), (100032, 25, 5), (100033, 25, 6), (100034, 25, 5), (100035, 25, 3), (100036, 25, 3), (100037, 25, 3), (100038, 25, 6), (100039, 25, 5), (100040, 25, 2), (100041, 25, 4), (100042, 25, 5), (100043, 25, 6), (100044, 25, 3),
(100000, 26, 2), (100001, 26, 4), (100002, 26, 5), (100003, 26, 5), (100004, 26, 5), (100005, 26, 3), (100006, 26, 2), (100007, 26, 3), (100008, 26, 6), (100009, 26, 5), (100010, 26, 2), (100011, 26, 4), (100012, 26, 5), (100013, 26, 6), (100014, 26, 5), (100015, 26, 3), (100016, 26, 2), (100017, 26, 3), (100018, 26, 6), (100019, 26, 5), (100020, 26, 2), (100021, 26, 4), (100022, 26, 5), (100023, 26, 6), (100024, 26, 5), (100025, 26, 3), (100026, 26, 2), (100027, 26, 3), (100028, 26, 6), (100029, 26, 5), (100030, 26, 2), (100031, 26, 4), (100032, 26, 5), (100033, 26, 6), (100034, 26, 5), (100035, 26, 3), (100036, 26, 3), (100037, 26, 3), (100038, 26, 6), (100039, 26, 5), (100040, 26, 2), (100041, 26, 4), (100042, 26, 5), (100043, 26, 6), (100044, 26, 3),
(100000, 27, 2), (100001, 27, 4), (100002, 27, 5), (100003, 27, 5), (100004, 27, 5), (100005, 27, 3), (100006, 27, 2), (100007, 27, 3), (100008, 27, 6), (100009, 27, 5), (100010, 27, 2), (100011, 27, 4), (100012, 27, 5), (100013, 27, 6), (100014, 27, 5), (100015, 27, 3), (100016, 27, 2), (100017, 27, 3), (100018, 27, 6), (100019, 27, 5), (100020, 27, 2), (100021, 27, 4), (100022, 27, 5), (100023, 27, 6), (100024, 27, 5), (100025, 27, 3), (100026, 27, 2), (100027, 27, 3), (100028, 27, 6), (100029, 27, 5), (100030, 27, 2), (100031, 27, 4), (100032, 27, 5), (100033, 27, 6), (100034, 27, 5), (100035, 27, 3), (100036, 27, 3), (100037, 27, 3), (100038, 27, 6), (100039, 27, 5), (100040, 27, 2), (100041, 27, 4), (100042, 27, 5), (100043, 27, 6), (100044, 27, 3),
(100000, 28, 2), (100001, 28, 4), (100002, 28, 5), (100003, 28, 5), (100004, 28, 5), (100005, 28, 3), (100006, 28, 2), (100007, 28, 3), (100008, 28, 6), (100009, 28, 5), (100010, 28, 2), (100011, 28, 4), (100012, 28, 5), (100013, 28, 6), (100014, 28, 5), (100015, 28, 3), (100016, 28, 2), (100017, 28, 3), (100018, 28, 6), (100019, 28, 5), (100020, 28, 2), (100021, 28, 4), (100022, 28, 5), (100023, 28, 6), (100024, 28, 5), (100025, 28, 3), (100026, 28, 2), (100027, 28, 3), (100028, 28, 6), (100029, 28, 5), (100030, 28, 2), (100031, 28, 4), (100032, 28, 5), (100033, 28, 6), (100034, 28, 5), (100035, 28, 3), (100036, 28, 3), (100037, 28, 3), (100038, 28, 6), (100039, 28, 5), (100040, 28, 2), (100041, 28, 4), (100042, 28, 5), (100043, 28, 6), (100044, 28, 3),
(100000, 29, 2), (100001, 29, 4), (100002, 29, 5), (100003, 29, 5), (100004, 29, 5), (100005, 29, 3), (100006, 29, 2), (100007, 29, 3), (100008, 29, 6), (100009, 29, 5), (100010, 29, 2), (100011, 29, 4), (100012, 29, 5), (100013, 29, 6), (100014, 29, 5), (100015, 29, 3), (100016, 29, 2), (100017, 29, 3), (100018, 29, 6), (100019, 29, 5), (100020, 29, 2), (100021, 29, 4), (100022, 29, 5), (100023, 29, 6), (100024, 29, 5), (100025, 29, 3), (100026, 29, 2), (100027, 29, 3), (100028, 29, 6), (100029, 29, 5), (100030, 29, 2), (100031, 29, 4), (100032, 29, 5), (100033, 29, 6), (100034, 29, 5), (100035, 29, 3), (100036, 29, 3), (100037, 29, 3), (100038, 29, 6), (100039, 29, 5), (100040, 29, 2), (100041, 29, 4), (100042, 29, 5), (100043, 29, 6), (100044, 29, 3),
(100000, 30, 2), (100001, 30, 4), (100002, 30, 5), (100003, 30, 5), (100004, 30, 5), (100005, 30, 3), (100006, 30, 2), (100007, 30, 3), (100008, 30, 6), (100009, 30, 5), (100010, 30, 2), (100011, 30, 4), (100012, 30, 5), (100013, 30, 6), (100014, 30, 5), (100015, 30, 3), (100016, 30, 2), (100017, 30, 3), (100018, 30, 6), (100019, 30, 5), (100020, 30, 2), (100021, 30, 4), (100022, 30, 5), (100023, 30, 6), (100024, 30, 5), (100025, 30, 3), (100026, 30, 2), (100027, 30, 3), (100028, 30, 6), (100029, 30, 5), (100030, 30, 2), (100031, 30, 4), (100032, 30, 5), (100033, 30, 6), (100034, 30, 5), (100035, 30, 3), (100036, 30, 3), (100037, 30, 3), (100038, 30, 6), (100039, 30, 5), (100040, 30, 2), (100041, 30, 4), (100042, 30, 5), (100043, 30, 6), (100044, 30, 3),
(100000, 31, 2), (100001, 31, 4), (100002, 31, 5), (100003, 31, 5), (100004, 31, 5), (100005, 31, 3), (100006, 31, 2), (100007, 31, 3), (100008, 31, 6), (100009, 31, 5), (100010, 31, 2), (100011, 31, 4), (100012, 31, 5), (100013, 31, 6), (100014, 31, 5), (100015, 31, 3), (100016, 31, 2), (100017, 31, 3), (100018, 31, 6), (100019, 31, 5), (100020, 31, 2), (100021, 31, 4), (100022, 31, 5), (100023, 31, 6), (100024, 31, 5), (100025, 31, 3), (100026, 31, 2), (100027, 31, 3), (100028, 31, 6), (100029, 31, 5), (100030, 31, 2), (100031, 31, 4), (100032, 31, 5), (100033, 31, 6), (100034, 31, 5), (100035, 31, 3), (100036, 31, 3), (100037, 31, 3), (100038, 31, 6), (100039, 31, 5), (100040, 31, 2), (100041, 31, 4), (100042, 31, 5), (100043, 31, 6), (100044, 31, 3),
(100000, 32, 2), (100001, 32, 4), (100002, 32, 5), (100003, 32, 5), (100004, 32, 5), (100005, 32, 3), (100006, 32, 2), (100007, 32, 3), (100008, 32, 6), (100009, 32, 5), (100010, 32, 2), (100011, 32, 4), (100012, 32, 5), (100013, 32, 6), (100014, 32, 5), (100015, 32, 3), (100016, 32, 2), (100017, 32, 3), (100018, 32, 6), (100019, 32, 5), (100020, 32, 2), (100021, 32, 4), (100022, 32, 5), (100023, 32, 6), (100024, 32, 5), (100025, 32, 3), (100026, 32, 2), (100027, 32, 3), (100028, 32, 6), (100029, 32, 5), (100030, 32, 2), (100031, 32, 4), (100032, 32, 5), (100033, 32, 6), (100034, 32, 5), (100035, 32, 3), (100036, 32, 3), (100037, 32, 3), (100038, 32, 6), (100039, 32, 5), (100040, 32, 2), (100041, 32, 4), (100042, 32, 5), (100043, 32, 6), (100044, 32, 3),
(100000, 33, 2), (100001, 33, 4), (100002, 33, 5), (100003, 33, 5), (100004, 33, 5), (100005, 33, 3), (100006, 33, 2), (100007, 33, 3), (100008, 33, 6), (100009, 33, 5), (100010, 33, 2), (100011, 33, 4), (100012, 33, 5), (100013, 33, 6), (100014, 33, 5), (100015, 33, 3), (100016, 33, 2), (100017, 33, 3), (100018, 33, 6), (100019, 33, 5), (100020, 33, 2), (100021, 33, 4), (100022, 33, 5), (100023, 33, 6), (100024, 33, 5), (100025, 33, 3), (100026, 33, 2), (100027, 33, 3), (100028, 33, 6), (100029, 33, 5), (100030, 33, 2), (100031, 33, 4), (100032, 33, 5), (100033, 33, 6), (100034, 33, 5), (100035, 33, 3), (100036, 33, 3), (100037, 33, 3), (100038, 33, 6), (100039, 33, 5), (100040, 33, 2), (100041, 33, 4), (100042, 33, 5), (100043, 33, 6), (100044, 33, 3),
(100000, 34, 2), (100001, 34, 4), (100002, 34, 5), (100003, 34, 5), (100004, 34, 5), (100005, 34, 3), (100006, 34, 2), (100007, 34, 3), (100008, 34, 6), (100009, 34, 5), (100010, 34, 2), (100011, 34, 4), (100012, 34, 5), (100013, 34, 6), (100014, 34, 5), (100015, 34, 3), (100016, 34, 2), (100017, 34, 3), (100018, 34, 6), (100019, 34, 5), (100020, 34, 2), (100021, 34, 4), (100022, 34, 5), (100023, 34, 6), (100024, 34, 5), (100025, 34, 3), (100026, 34, 2), (100027, 34, 3), (100028, 34, 6), (100029, 34, 5), (100030, 34, 2), (100031, 34, 4), (100032, 34, 5), (100033, 34, 6), (100034, 34, 5), (100035, 34, 3), (100036, 34, 3), (100037, 34, 3), (100038, 34, 6), (100039, 34, 5), (100040, 34, 2), (100041, 34, 4), (100042, 34, 5), (100043, 34, 6), (100044, 34, 3);
GO
/*BOOK LOANDS DATA*/
INSERT INTO BOOK_LOANS 
(BookID, CardNo, BranchID, DateOut, DateDue) 
values
(100000, 10000, 1, '2018-10-21', '2018-11-18'),
(100025, 10000, 1, '2018-10-23', '2018-11-14'),
(100030, 10000, 1, '2018-10-10', '2018-11-13'),
(100035, 10000, 1, '2018-10-23', '2018-11-14'),
(100001, 10001, 2, '2018-10-19', '2018-11-03'),
(100026, 10001, 2, '2018-10-24', '2018-11-22'),
(100031, 10001, 2, '2018-10-21', '2018-11-30'),
(100036, 10001, 2, '2018-10-27', '2018-11-09'),
(100002, 10003, 3, '2018-10-11', '2018-11-23'),
(100027, 10003, 3, '2018-10-20', '2018-11-01'),
(100032, 10003, 3, '2018-10-16', '2018-11-05'),
(100037, 10003, 3, '2018-10-15', '2018-11-08'),
(100003, 10003, 3, '2018-10-18', '2018-11-20'),
(100028, 10003, 3, '2018-10-09', '2018-11-26'),
(100033, 10003, 3, '2018-10-17', '2018-11-03'),
(100038, 10003, 3, '2018-10-19', '2018-11-12'),
(100004, 10004, 3, '2018-10-16', '2018-11-13'),
(100029, 10004, 3, '2018-10-14', '2018-11-30'),
(100034, 10004, 3, '2018-10-12', '2018-11-30'),
(100039, 10004, 3, '2018-10-20', '2018-11-15'),
(100000, 10005, 3, '2018-10-14', '2018-11-16'),
(100005, 10005, 5, '2018-10-12', '2018-11-23'),
(100030, 10005, 5, '2018-10-19', '2018-11-09'),
(100035, 10005, 5, '2018-10-09', '2018-11-05'),
(100001, 10006, 5, '2018-10-26', '2018-11-17'),
(100006, 10006, 5, '2018-10-12', '2018-11-02'),
(100031, 10006, 5, '2018-10-15', '2018-11-05'),
(100036, 10006, 5, '2018-10-18', '2018-11-06'),
(100002, 10007, 10, '2018-10-19', '2018-11-24'),
(100007, 10007, 10, '2018-10-09', '2018-11-22'),
(100032, 10007, 10, '2018-10-24', '2018-11-06'),
(100037, 10007, 10, '2018-10-29', '2018-11-21'),
(100003, 10009, 10, '2018-10-23', '2018-11-21'),
(100008, 10009, 10, '2018-10-17', '2018-11-17'),
(100033, 10009, 10, '2018-10-12', '2018-11-07'),
(100038, 10009, 10, '2018-10-29', '2018-11-15'),
(100004, 10011, 10, '2018-10-26', '2018-11-01'),
(100009, 10011, 10, '2018-10-19', '2018-11-18'),
(100034, 10011, 10, '2018-10-22', '2018-11-18'),
(100039, 10011, 10, '2018-10-20', '2018-11-09'),
(100000, 10012, 15, '2018-10-28', '2018-11-22'),
(100005, 10012, 15, '2018-10-18', '2018-11-21'),
(100010, 10012, 15, '2018-10-22', '2018-11-20'),
(100035, 10012, 15, '2018-10-28', '2018-11-13'),
(100001, 10013, 15, '2018-10-25', '2018-11-10'),
(100006, 10013, 15, '2018-10-20', '2018-11-30'),
(100011, 10013, 15, '2018-10-18', '2018-11-15'),
(100036, 10013, 15, '2018-10-24', '2018-11-10'),
(100002, 10014, 8, '2018-10-10', '2018-11-20'),
(100007, 10014, 8, '2018-10-21', '2018-11-05'),
(100012, 10014, 8, '2018-10-29', '2018-11-07'),
(100037, 10014, 8, '2018-10-11', '2018-11-22'),
(100003, 10021, 8, '2018-10-16', '2018-11-19'),
(100008, 10021, 8, '2018-10-22', '2018-11-04'),
(100013, 10021, 8, '2018-10-26', '2018-11-25'),
(100038, 10022, 8, '2018-10-25', '2018-11-15'),
(100004, 10022, 34, '2018-10-23', '2018-11-14'),
(100009, 10022, 34, '2018-10-17', '2018-11-08'),
(100014, 10023, 34, '2018-10-13', '2018-11-16'),
(100039, 10023, 34, '2018-10-29', '2018-11-09'),
(100005, 10023, 34, '2018-10-24', '2018-11-22'),
(100010, 10024, 34, '2018-10-25', '2018-11-06'),
(100015, 10024, 34, '2018-10-23', '2018-11-06'),
(100006, 10024, 25, '2018-10-20', '2018-11-01'),
(100011, 10025, 25, '2018-10-09', '2018-11-03'),
(100016, 10025, 25, '2018-10-29', '2018-11-30'),
(100007, 10025, 25, '2018-10-09', '2018-11-26'),
(100012, 10026, 25, '2018-10-19', '2018-11-23'),
(100017, 10026, 25, '2018-10-24', '2018-11-26'),
(100008, 10026, 22, '2018-10-14', '2018-10-30'),
(100013, 10027, 22, '2018-10-14', '2018-11-24'),
(100018, 10027, 22, '2018-10-11', '2018-11-25'),
(100009, 10027, 22, '2018-10-19', '2018-11-09'),
(100014, 10028, 22, '2018-10-13', '2018-11-17'),
(100019, 10028, 22, '2018-10-17', '2018-11-20'),
(100010, 10028, 22, '2018-10-15', '2018-11-05'),
(100015, 10029, 22, '2018-10-10', '2018-11-10'),
(100020, 10029, 22, '2018-10-22', '2018-11-30'),
(100016, 10029, 28, '2018-10-11', '2018-11-22'),
(100021, 10034, 28, '2018-10-27', '2018-11-28'),
(100026, 10034, 28, '2018-10-25', '2018-11-30'),
(100017, 10034, 18, '2018-10-25', '2018-11-15'),
(100031, 10048, 32, '2018-10-16', '2018-11-14'),
(100022, 10048, 32, '2018-10-25', '2018-11-10'),
(100027, 10048, 32, '2018-10-20', '2018-10-30'),
(100032, 10048, 32, '2018-10-23', '2018-11-20'),
(100023, 10053, 32, '2018-10-10', '2018-11-20'),
(100028, 10053, 32, '2018-10-19', '2018-11-01'),
(100012, 10053, 26, '2018-10-12', '2018-11-07'),
(100017, 10053, 26, '2018-10-11', '2018-11-08'),
(100022, 10053, 26, '2018-10-29', '2018-11-10'),
(100011, 10053, 22, '2018-10-24', '2018-11-06'),
(100016, 10054, 22, '2018-10-29', '2018-11-26'),
(100021, 10054, 22, '2018-10-25', '2018-11-28'),
(100029, 10054, 18, '2018-10-15', '2018-11-27'),
(100020, 10065, 32, '2018-10-20', '2018-11-09'),
(100025, 10065, 32, '2018-10-14', '2018-11-04'),
(100030, 10065, 32, '2018-10-27', '2018-11-02'),
(100021, 10066, 32, '2018-10-28', '2018-11-22'),
(100026, 10066, 32, '2018-10-09', '2018-11-09'),
(100023, 10066, 18, '2018-10-20', '2018-11-23'),
(100028, 10066, 18, '2018-10-09', '2018-11-19'),
(100019, 10066, 18, '2018-10-12', '2018-11-13'),
(100024, 10066, 18, '2018-10-22', '2018-11-07'),
(100022, 10074, 18, '2018-10-28', '2018-11-03'),
(100027, 10074, 18, '2018-10-14', '2018-11-15'),
(100018, 10074, 18, '2018-10-29', '2018-11-09'),
(100013, 10074, 26, '2018-10-22', '2018-11-18'),
(100018, 10082, 26, '2018-10-28', '2018-11-12'),
(100023, 10082, 26, '2018-10-13', '2018-11-05'),
(100014, 10082, 26, '2018-10-28', '2018-11-13'),
(100019, 10087, 26, '2018-10-25', '2018-11-10'),
(100024, 10087, 26, '2018-10-15', '2018-11-27'),
(100015, 10087, 28, '2018-10-24', '2018-11-10'),
(100020, 10087, 28, '2018-10-27', '2018-11-02'),
(100025, 10087, 28, '2018-10-27', '2018-11-07'),
(100033, 10093, 32, '2018-10-11', '2018-11-07'),
(100024, 10093, 32, '2018-10-16', '2018-10-19'),
(100029, 10093, 32, '2018-10-10', '2018-11-10'),
(100034, 10093, 32, '2018-10-23', '2018-11-20'),
(100044, 10093, 32, '2018-10-03', '2018-11-19');
GO

/************************ Storeed Procedures ************************/

USE db_Library
GO

CREATE SCHEMA [LP] AUTHORIZATION [dbo]
GO 

CREATE PROC LP.uspFindLostTribe
AS
/*1.) How many copies of the book titled "The Lost Tribe" are owned by the library branch whose name is "Sharpstown"?*/
SELECT Number_Of_Copies '# Of Coppies', BranchName 'Library'
FROM BOOK_COPIES bc
INNER JOIN LIBRARY_BRANCH lb ON lb.BranchID = bc.BranchID
INNER JOIN BOOKS bk ON bk.BookID = bc.BookID
WHERE Title = 'The Lost Tribe' and BranchName = 'Sharpstown Library'
GO

CREATE PROC LP.uspFindLostTribeEverywhere
AS
/*2.) How many copies of the book titled "The Lost Tribe" are owned by each library branch?*/
SELECT Number_Of_Copies '# Of Coppies', BranchName 'Library'
FROM BOOK_COPIES bc
INNER JOIN LIBRARY_BRANCH lb ON lb.BranchID = bc.BranchID
INNER JOIN BOOKS bk ON bk.BookID = bc.BookID
WHERE Title = 'The Lost Tribe'
GO

CREATE PROC LP.uspBorrowersNoBook
AS
/*3.) Retrieve the names of all borrowers who do not have any books checked out.*/  
SELECT DISTINCT Name 'Borrowers W/O Books'
FROM BORROWER br 
LEFT JOIN BOOK_LOANS bl ON br.CardNo = bl.CardNo
WHERE br.CardNo not in (SELECT CardNo FROM BOOK_LOANS)
GO

CREATE PROC LP.uspSharptownBorrowerDueToday
AS
/*4.) For each book that is loaned out from the "Sharpstown" branch and whose DueDate is today, retrieve the book title, the borrower's name, and the borrower's address.*/  
SELECT DISTINCT Title, Name 'Borrowe''s Name', br.Address
FROM BOOKS bk 
INNER JOIN BOOK_LOANS bl ON bk.BookID = bl.BookID
INNER JOIN LIBRARY_BRANCH lb ON lb.BranchID = bl.BranchID
INNER JOIN BORROWER br ON br.CardNo = bl.CardNo
WHERE DateDue = CONVERT (date, GETDATE())
GO

CREATE PROC LP.uspTotalNumOfBooksLoanedByBranch
AS
/*5.) For each library branch, retrieve the branch name and the total number of books loaned out from that branch.*/
SELECT BranchName 'Branch Name', COUNT(bl.BranchID) 'Total # of Books loaned' 
FROM LIBRARY_BRANCH lb
LEFT JOIN BOOK_LOANS bl ON lb.BranchID = bl.BranchID 
GROUP BY BranchName
ORDER BY COUNT(bl.BranchID) DESC
GO

CREATE PROC LP.uspBorrowersWithMoreThan5Books
AS
/*6.) Retrieve the names, addresses, and the number of books checked out for all borrowers who have more than five books checked out.*/  
SELECT Name, br.Address, COUNT(BookID) 'Total # of Books loaned'
FROM BORROWER br 
INNER JOIN BOOK_LOANS bl ON br.CardNo = bl.CardNo
GROUP BY Name, br.Address
HAVING Count(BookID) >= 5
GO

CREATE PROC LP.uspCentralBranchBooksByStephenKing
AS
/*7.) For each book authored (or co-authored) by "Stephen King", retrieve the title and the number of copies owned by the library branch whose name is "Central".*/  
SELECT BranchName, Title, AuthorName, Number_Of_Copies 
FROM BOOK_COPIES bc
FULL OUTER JOIN LIBRARY_BRANCH ON bc.BranchID = LIBRARY_BRANCH.BranchID
FULL OUTER JOIN BOOKS bk ON bk.BookID = bc.BookID
FULL OUTER JOIN BOOK_AUTHORS ba ON bk.BookID = ba.BookID
WHERE BranchName LIKE 'Central %' AND AuthorName = 'Stephen King' 
ORDER BY AuthorName
GO